product_name,product_link
FENTY BEAUTY by Rihanna Mattemoiselle Plush Matte Lipstick,https://www.sephora.com/product/mattemoiselle-plush-matte-lipstick-P45874456?icid2=products%20grid:p45874456
KVD Vegan Beauty Everlasting Liquid Lipstick,https://www.sephora.com/product/everlasting-love-liquid-lipstick-P384954?icid2=products%20grid:p384954
SEPHORA COLLECTION Cream Lip Stain Liquid Lipstick,https://www.sephora.com/product/cream-lip-stain-liquid-lipstick-P281411?icid2=products%20grid:p281411
Marc Jacobs Beauty Le Marc Lip Crème Lipstick,https://www.sephora.com/product/le-marc-lip-creme-P392352?skuId=1651348&icid2=products%20grid:p392352
PAT McGRATH LABS MatteTrance™ Lipstick,https://www.sephora.com/product/mattetrance-lipstick-P421813?icid2=products%20grid:p421813
NARS Velvet Matte Lipstick Pencil,https://www.sephora.com/product/velvet-matte-lip-pencil-P78834?icid2=products%20grid:p78834
Charlotte Tilbury Matte Revolution Lipstick,https://www.sephora.com/product/matte-revolution-lipstick-P433530?icid2=products%20grid:p433530
Yves Saint Laurent Tatouage Couture Velvet Cream Liquid Lipstick,https://www.sephora.com/product/yves-saint-laurent-tatouage-couture-velvet-cream-liquid-lipstick-P457250?icid2=products%20grid:p457250
MILK MAKEUP Lip + Cheek,https://www.sephora.com/product/lip-cheek-P404799?icid2=products%20grid:p404799
Armani Beauty Lip Maestro Liquid Matte Lipstick,https://www.sephora.com/product/lip-maestro-liquid-lipstick-P393411?icid2=products%20grid:p393411
Christian Louboutin Velvet Matte Lip Colour,https://www.sephora.com/product/velvet-matte-lip-colour-P400560?skuId=1750140&icid2=products%20grid:p400560
FENTY BEAUTY by Rihanna Stunna Lip Paint Longwear Fluid Lip Color,https://www.sephora.com/product/stunna-lip-paint-P39787544?icid2=products%20grid:p39787544
Lancôme L'Absolu Lacquer,https://www.sephora.com/product/l-absolu-lacquer-P431511?icid2=products%20grid:p431511
HUDA BEAUTY Power Bullet Matte Lipstick,https://www.sephora.com/product/power-bullet-matte-lipstick-P441880?icid2=products%20grid:p441880
NARS Lipstick,https://www.sephora.com/product/lipstick-P448502?icid2=products%20grid:p448502
Charlotte Tilbury Matte Revolution Lipstick- Pillow Talk Collection,https://www.sephora.com/product/charlotte-tilbury-matte-revolution-lipstick-intense-pillow-talk-collection-P454508?icid2=products%20grid:p454508
KVD Vegan Beauty Studded Kiss Crème Lipstick,https://www.sephora.com/product/studded-kiss-creme-lipstick-P427646?icid2=products%20grid:p427646
NARS Powermatte Lip Pigment,https://www.sephora.com/product/powermatte-lip-pigment-P421485?icid2=products%20grid:p421485
Yves Saint Laurent Rouge Volupte Shine Lipstick Balm,https://www.sephora.com/product/rouge-volupte-shine-oil-in-stick-lipstick-P377710?icid2=products%20grid:p377710
SEPHORA COLLECTION #LIPSTORIES Lipstick,https://www.sephora.com/product/lipstories-lipstick-P424915?icid2=products%20grid:p424915
NARS The Multiple,https://www.sephora.com/product/the-multiple-P2866?icid2=products%20grid:p2866
PAT McGRATH LABS Mini MatteTrance™ Lipstick Trio,https://www.sephora.com/product/lust-mini-mattetrance-lipstick-skin-show-trio-P434529?icid2=products%20grid:p434529
PAT McGRATH LABS LuxeTrance™ Lipstick,https://www.sephora.com/product/luxetrance-trade-lipstick-P423642?icid2=products%20grid:p423642
Gucci Rouge à Lèvres Mat Matte Lipstick,https://www.sephora.com/product/gucci-gucci-rouge-a-levres-mat-matte-lipstick-P453273?icid2=products%20grid:p453273
HUDA BEAUTY Liquid Matte Lipstick,https://www.sephora.com/product/huda-beauty-liquid-matte-lipstick-P411320?icid2=products%20grid:p411320
ILIA Multi-Stick,https://www.sephora.com/product/multi-stick-P411848?icid2=products%20grid:p411848
Armani Beauty Lip Magnet Liquid Lipstick,https://www.sephora.com/product/lip-magnet-liquid-lipstick-P413933?icid2=products%20grid:p413933
NARS Velvet Matte Lipstick Pencil Duo,https://www.sephora.com/product/velvet-matte-lip-pencil-duo-P408115?icid2=products%20grid:p408115
Armani Beauty Rouge D'Armani Matte Lipstick,https://www.sephora.com/product/rouge-d-armani-matte-lipstick-P436062?icid2=products%20grid:p436062
Too Faced Melted Matte Liquid Lipstick,https://www.sephora.com/product/melted-matte-liquified-long-wear-matte-lipstick-P407636?icid2=products%20grid:p407636
Bite Beauty Power Move Creamy Matte Lip Crayon,https://www.sephora.com/product/bite-beauty-power-move-creamy-matte-lip-crayon-vegan-P454746?icid2=products%20grid:p454746
TOM FORD Lip Color Lipstick,https://www.sephora.com/product/lip-color-P416057?icid2=products%20grid:p416057
HUDA BEAUTY Power Bullet Matte Lipstick - Throwback Collection,https://www.sephora.com/product/power-bullet-matte-lipstick-P450511?icid2=products%20grid:p450511
KVD Vegan Beauty Kitten Mini Everlasting Liquid Lipstick,https://www.sephora.com/product/mini-everlasting-liquid-lipstick-P442953?icid2=products%20grid:p442953
Yves Saint Laurent Rouge Pur Couture Lipstick Collection,https://www.sephora.com/product/rouge-pur-couture-lipstick-collection-P400701?icid2=products%20grid:p400701
tarte SEA Color Splash Lipstick,https://www.sephora.com/product/sea-color-splash-lipstick-P416418?icid2=products%20grid:p416418
Anastasia Beverly Hills Liquid Lipstick,https://www.sephora.com/product/liquid-lipstick-P404831?icid2=products%20grid:p404831
Yves Saint Laurent Tatouage Couture Liquid Matte Lip Stain,https://www.sephora.com/product/tatouage-couture-matte-stain-P423327?icid2=products%20grid:p423327
Urban Decay Vice Lipstick,https://www.sephora.com/product/vice-lipstick-P409523?icid2=products%20grid:p409523
Yves Saint Laurent Vinyl Cream Lip Stain,https://www.sephora.com/product/rouge-pur-couture-vernis-l-vres-vinyl-cream-P410743?icid2=products%20grid:p410743
Charlotte Tilbury K.I.S.S.I.N.G Lipstick,https://www.sephora.com/product/k-i-s-s-i-n-g-lipstick-P433531?icid2=products%20grid:p433531
Yves Saint Laurent Rouge Pur Couture The Slim Matte Lipstick,https://www.sephora.com/product/rouge-pur-couture-matte-slim-lipstick-P436506?icid2=products%20grid:p436506
PAT McGRATH LABS Obsessive Opulence: MatteTrance™ Lipstick,https://www.sephora.com/product/obsessive-opulence-mattetrance-lipstick-P451132?icid2=products%20grid:p451132
Christian Louboutin Silky Satin Lip Colour,https://www.sephora.com/product/silky-satin-lip-colour-P400556?icid2=products%20grid:p400556
Dior Rouge Dior Lipstick,https://www.sephora.com/product/rouge-dior-lipstick-P411036?icid2=products%20grid:p411036
Marc Jacobs Beauty Le Marc Lip Frost Lipstick,https://www.sephora.com/product/le-marc-lip-frost-lipstick-P439432?icid2=products%20grid:p439432
Guerlain Rouge G Customizable Lipstick,https://www.sephora.com/product/rouge-g-customizable-lipstick-bullet-P429915?icid2=products%20grid:p429915
Charlotte Tilbury Hot Lips Lipstick,https://www.sephora.com/product/hot-lips-lipstick-P434100?icid2=products%20grid:p434100
Guerlain Rouge G Customizable Lipstick Case,https://www.sephora.com/product/rouge-g-customizable-lipstick-case-P429916?icid2=products%20grid:p429916
Smashbox Always On Matte Liquid Lipstick,https://www.sephora.com/product/always-on-matte-liquid-lipstick-P409317?icid2=products%20grid:p409317
Dior Dior Addict Stellar Shine Lipstick,https://www.sephora.com/product/dior-addict-stellar-shine-lipstick-P443319?icid2=products%20grid:p443319
CLINIQUE Almost Lipstick,https://www.sephora.com/product/almost-lipstick-P122751?icid2=products%20grid:p122751
HUDA BEAUTY Demi Matte Cream Liquid Lipstick,https://www.sephora.com/product/demi-matte-cream-lipstick-P54654321?icid2=products%20grid:p54654321
Gucci Rouge à Lèvres Voile Sheer Lipstick,https://www.sephora.com/product/gucci-rouge-agrave-l-egrave-vres-voile-sheer-lipstick-P452737?icid2=products%20grid:p452737
Anastasia Beverly Hills Matte Lipstick,https://www.sephora.com/product/matte-lipstick-P422512?icid2=products%20grid:p422512
Ciaté London Glitter Flip,https://www.sephora.com/product/glitter-flip-P422513?icid2=products%20grid:p422513
Charlotte Tilbury Hot Lips Lipstick 2,https://www.sephora.com/product/hot-lips-lipstick-2-0-P446609?icid2=products%20grid:p446609
Yves Saint Laurent Rouge Volupte Shine Lipstick Love Collector's Edition,https://www.sephora.com/product/yves-saint-laurent-rouge-volupte-shine-lipstick-love-collector-s-edition-P458275?icid2=products%20grid:p458275
Givenchy Le Rouge Lipstick,https://www.sephora.com/product/le-rouge-P377755?icid2=products%20grid:p377755
tarte SEA H2O Lip Gloss,https://www.sephora.com/product/sea-h2o-lip-gloss-P429612?icid2=products%20grid:p429612
Gucci Rouge à Lèvres Satin Lipstick,https://www.sephora.com/product/gucci-rouge-agrave-l-egrave-vres-satin-lipstick-P452736?icid2=products%20grid:p452736
SEPHORA COLLECTION Rouge Lacquer Lipstick,https://www.sephora.com/product/rouge-lacquer-P443336?icid2=products%20grid:p443336
Yves Saint Laurent Rouge Pur Couture Lipstick Love Collector's Edition,https://www.sephora.com/product/yves-saint-laurent-rouge-pur-couture-lipstick-love-collector-s-edition-P458274?icid2=products%20grid:p458274
KVD Vegan Beauty Everlasting Glimmer Veil Liquid Lipstick,https://www.sephora.com/product/everlasting-glimmer-veil-liquid-lipstick-P421282?icid2=products%20grid:p421282
TOM FORD Lip Color Matte Lipstick,https://www.sephora.com/product/lip-color-matte-lipstick-P416222?icid2=products%20grid:p416222
TOM FORD Lip Blush,https://www.sephora.com/product/lip-blush-P443932?icid2=products%20grid:p443932
Charlotte Tilbury Superstar Lips Lipstick,https://www.sephora.com/product/superstar-lips-lipstick-P446610?icid2=products%20grid:p446610
Givenchy Mini Magic Lip Duo Set,https://www.sephora.com/product/le-rouge-perfecto-rouge-interdit-vinyl-duo-botf-P433849?icid2=products%20grid:p433849
TOM FORD Most Wanted Lip Color Lipstick Collection,https://www.sephora.com/product/tom-ford-most-wanted-lip-color-lipstick-collection-P458271?icid2=products%20grid:p458271
Dior Dior Addict Halo Shine Lipstick,https://www.sephora.com/product/dior-dior-addict-stellar-halo-shine-P456597?skuId=2341428&icid2=products%20grid:p456597
Yves Saint Laurent Glossy Stain Lip Color,https://www.sephora.com/product/glossy-stain-lip-gloss-P304003?icid2=products%20grid:p304003
Bite Beauty Mini Nude Lipstick Crayon Duo Set,https://www.sephora.com/product/bite-beauty-nude-lip-crayon-duo-P457658?icid2=products%20grid:p457658
NARS Audacious Lipstick,https://www.sephora.com/product/audacious-lipstick-P387906?skuId=1637123&icid2=products%20grid:p387906
Kiehl's Since 1851 Butterstick Lip Treatment SPF 30,https://www.sephora.com/product/butterstick-lip-treatment-spf-25-P422274?icid2=products%20grid:p422274
Hourglass Confession™ Ultra Slim High Intensity Refillable Lipstick,https://www.sephora.com/product/confession-ultra-slim-high-intensity-refillable-lipstick-P420411?icid2=products%20grid:p420411
Hourglass Unreal™ High Shine Volumizing Lip Gloss,https://www.sephora.com/product/unreal-volumizing-high-shine-lip-gloss-P444425?icid2=products%20grid:p444425
BECCA Cosmetics Ultimate Lipstick Love,https://www.sephora.com/product/ultimate-lipstick-love-P441237?icid2=products%20grid:p441237
Dior Dior Addict Lip Tattoo,https://www.sephora.com/product/lip-tattoo-P419525?icid2=products%20grid:p419525
ILIA Color Block High Impact Lipstick,https://www.sephora.com/product/color-block-high-impact-lipstick-P436270?icid2=products%20grid:p436270
Givenchy Le Rouge Deep Velvet Matte Lipstick,https://www.sephora.com/product/le-rouge-deep-velvet-lipstick-P448881?icid2=products%20grid:p448881
FENTY BEAUTY by Rihanna Two Lil Mattemoiselles,https://www.sephora.com/product/two-lil-mattemoiselles-P33105898?icid2=products%20grid:p33105898
bareMinerals Mineralist Hydra-Smoothing Lipstick,https://www.sephora.com/product/bareminerals-mineralist-hydra-smoothing-lipstick-P455324?icid2=products%20grid:p455324
Dior Dior Addict Lacquer Stick,https://www.sephora.com/product/dior-addict-lacquer-stick-P418225?icid2=products%20grid:p418225
Bobbi Brown Art Stick,https://www.sephora.com/product/art-stick-P385587?icid2=products%20grid:p385587
Laura Mercier Rouge Essentiel Silky Crème Lipstick,https://www.sephora.com/product/rouge-essentiel-silky-creme-lipstick-P443744?icid2=products%20grid:p443744
Bobbi Brown Crushed Liquid Lipstick,https://www.sephora.com/product/crushed-liquid-lip-P439913?icid2=products%20grid:p439913
SEPHORA COLLECTION Melting Lip Clicks Lip Balm,https://www.sephora.com/product/melting-lip-clicks-P432080?icid2=products%20grid:p432080
Bobbi Brown Luxe Lipstick,https://www.sephora.com/product/luxe-lip-color-P400625?icid2=products%20grid:p400625
Yves Saint Laurent Rouge Pur Couture The Slim Sheer Matte Lipstick,https://www.sephora.com/product/rouge-pur-couture-slim-sheer-matte-lipstick-P449787?icid2=products%20grid:p449787
Kosas Weightless Lip Color Lipstick,https://www.sephora.com/product/weightless-lip-color-P441883?icid2=products%20grid:p441883
Yves Saint Laurent Rouge Pur Couture Lipstick Mother's Day Love Set,https://www.sephora.com/product/yves-saint-laurent-rouge-pur-couture-lipstick-mother-s-day-duo-love-set-P458582?icid2=products%20grid:p458582
Charlotte Tilbury Superstar Lips Lipstick - Pillow Talk Collection,https://www.sephora.com/product/charlotte-tilbury-superstar-lips-lipstick-pillow-talk-collection-P455322?icid2=products%20grid:p455322
MILK MAKEUP Glow Oil Lip + Cheek,https://www.sephora.com/product/glow-oil-lip-cheek-P445510?icid2=products%20grid:p445510
LAWLESS Soft Matte Liquid Lipstick,https://www.sephora.com/product/soft-matte-liquid-lipstick-P429281?icid2=products%20grid:p429281
bareMinerals GEN NUDE™ Liquid Lipstick,https://www.sephora.com/product/gen-nude-matte-liquid-lipcolor-P410249?icid2=products%20grid:p410249
Bobbi Brown Lipstick,https://www.sephora.com/product/lip-color-P270541?icid2=products%20grid:p270541
ILIA Tinted Lip Conditioner,https://www.sephora.com/product/tinted-lip-conditioner-P411850?icid2=products%20grid:p411850
Shiseido VisionAiry Gel Lipstick,https://www.sephora.com/product/visionairy-gel-lipstick-P435416?icid2=products%20grid:p435416
SEPHORA COLLECTION Lilly Lashes x Sephora Collection - Lip Set,https://www.sephora.com/product/lilly-lashes-x-sephora-collection-lip-set-P446313?icid2=products%20grid:p446313
NARS Satin Lipstick Pencil,https://www.sephora.com/product/satin-lip-pencil-P378859?icid2=products%20grid:p378859
MAKE UP FOR EVER Artist Liquid Matte Lipstick,https://www.sephora.com/product/artist-liquid-matte-P416156?icid2=products%20grid:p416156
Hourglass GIRL Lip Stylo,https://www.sephora.com/product/girl-lip-stylo-P415641?icid2=products%20grid:p415641
Bobbi Brown Luxe Matte Lipstick,https://www.sephora.com/product/luxe-matte-lipstick-P434383?icid2=products%20grid:p434383
Dior Rouge Dior Ultra Care Liquid Lipstick,https://www.sephora.com/product/rouge-dior-ultra-care-liquid-lipstick-P450457?icid2=products%20grid:p450457
TOM FORD Extreme Lip Spark Lipstick,https://www.sephora.com/product/extreme-lip-spark-P445435?icid2=products%20grid:p445435
TOM FORD Gold Deco Lip Color Lipstick,https://www.sephora.com/product/gold-deco-lip-color-lipstick-P451620?icid2=products%20grid:p451620
Ciaté London Jessica Rabbit Glitter Storm Lipstick,https://www.sephora.com/product/glitter-storm-lipstick-P441877?icid2=products%20grid:p441877
Givenchy Rouge Interdit Vinyl Color Enhancing Lipstick,https://www.sephora.com/product/rouge-interdit-vinyl-color-enhancing-lipstick-P405231?icid2=products%20grid:p405231
Bite Beauty Crystal Crème Shimmer Lip Crayon,https://www.sephora.com/product/crystal-creme-shimmer-lip-crayon-P439942?icid2=products%20grid:p439942
CLINIQUE Pop Lip Colour + Primer,https://www.sephora.com/product/clinique-pop-lip-colour-primer-P395524?icid2=products%20grid:p395524
Lancôme L'Absolu Rouge Drama Matte Lipstick,https://www.sephora.com/product/l-absolu-rouge-drama-matte-P437230?icid2=products%20grid:p437230
HUDA BEAUTY Contour & Strobe Liquid Lip Set,https://www.sephora.com/product/contour-strobe-lip-set-P426365?icid2=products%20grid:p426365
Armani Beauty Ecstasy Shine Lipstick,https://www.sephora.com/product/ecstasy-shine-P422804?icid2=products%20grid:p422804
KVD Vegan Beauty Kitten Mini: Matte Meets Vinyl Liquid Lipstick and Lip Gloss Lolita Set,https://www.sephora.com/product/kvd-vegan-beauty-kitten-mini-matte-meets-vinyl-everlasting-liquid-lipstick-xo-vinyl-lip-cream-lip-gloss-set-P458279?icid2=products%20grid:p458279
TOM FORD Soleil Lip Lacquer,https://www.sephora.com/product/soleil-lip-lacquer-P438592?icid2=products%20grid:p438592
Bobbi Brown Crushed Lip Color,https://www.sephora.com/product/crushed-lip-color-P422224?icid2=products%20grid:p422224
IT Cosmetics Pillow Lips Collagen-Infused Lipstick,https://www.sephora.com/product/it-cosmetics-pillow-lips-collagen-infused-lipstick-P454064?icid2=products%20grid:p454064
NUDESTIX Mini Nudies 3-Piece Kit,https://www.sephora.com/product/mini-nudies-3-piece-kit-P447737?icid2=products%20grid:p447737
MAKE UP FOR EVER Artist Rouge Lipstick,https://www.sephora.com/product/artist-rouge-lipstick-P410516?skuId=1850585&icid2=products%20grid:p410516
bareMinerals Gen Nude Patent Liquid Lipstick,https://www.sephora.com/product/gen-nude-patent-lip-lacquer-P427617?icid2=products%20grid:p427617
CLINIQUE Dramatically Different Lipstick Shaping Lip Colour,https://www.sephora.com/product/dramatically-different-lipstick-shaping-lip-colour-P436505?icid2=products%20grid:p436505
TOM FORD Boys & Girls Lip Color Lipstick,https://www.sephora.com/product/boys-girls-lip-color-P423486?icid2=products%20grid:p423486
MILK MAKEUP Lip Color,https://www.sephora.com/product/lip-color-P442246?icid2=products%20grid:p442246
SEPHORA COLLECTION #LIPSTORIES Destinations,https://www.sephora.com/product/lipstores-destination-P443309?icid2=products%20grid:p443309
Yves Saint Laurent Rouge Volupte Rock'N Shine Lipstick,https://www.sephora.com/product/yves-saint-laurent-rouge-volupte-rock-n-shine-lipstick-P454359?icid2=products%20grid:p454359
Kaja Air Heart Lightweight Natural Finish Lipstick,https://www.sephora.com/product/kaja-air-heart-lightweight-natural-finish-lipstick-P454034?icid2=products%20grid:p454034
Dior Rouge Dior Ultra Rouge Lipstick,https://www.sephora.com/product/rouge-dior-ultra-rouge-lipstick-P436859?icid2=products%20grid:p436859
Smashbox Always On Cream to Matte Lipstick,https://www.sephora.com/product/smashbox-always-on-cream-to-matte-lipstick-P454512?icid2=products%20grid:p454512
SEPHORA COLLECTION Color Lip Last Lipstick,https://www.sephora.com/product/color-lip-last-lipstick-P313004?icid2=products%20grid:p313004
FENTY BEAUTY by Rihanna Poutsicle Juicy Satin Lipstick,https://www.sephora.com/product/poutsicle-juicy-satin-lipstick-P33701948?skuId=2225894&icid2=products%20grid:p33701948
tarte Tarteist™ Quick Dry Matte Lip Paint,https://www.sephora.com/product/tarteist-quick-dry-matte-lip-paint-P63087456?skuId=1886423&icid2=products%20grid:p63087456
Artist Couture Silk Cream Lipstick,https://www.sephora.com/product/artist-couture-nudes-collection-silk-creme-lipstick-P456967?icid2=products%20grid:p456967
tarte Tarteist™ Creamy Matte Lip Paint,https://www.sephora.com/product/tarteist-lip-paint-P403800?icid2=products%20grid:p403800
NUDESTIX Nude Plumping Lip Glace,https://www.sephora.com/product/nude-plumping-lip-glace-P444920?icid2=products%20grid:p444920
Melt Cosmetics Liquid Lipstick,https://www.sephora.com/product/liquid-set-lipstick-P444548?icid2=products%20grid:p444548
Laura Mercier Velour Extreme Matte Lipstick,https://www.sephora.com/product/velour-extreme-matte-lipstick-P427041?icid2=products%20grid:p427041
Givenchy Le Rouge Perfecto Beautifying Lip Balm,https://www.sephora.com/product/le-rouge-perfecto-beautifying-lip-balm-P410769?icid2=products%20grid:p410769
PAT McGRATH LABS BlitzTrance™ Lipstick,https://www.sephora.com/product/blitztrance-lipstick-P439070?icid2=products%20grid:p439070
Lancôme L’Absolu Rouge Ruby,https://www.sephora.com/product/la-absolu-rouge-ruby-cream-lipstick-P449109?icid2=products%20grid:p449109
Smashbox Be Legendary Lipstick,https://www.sephora.com/product/be-legendary-lipstick-P304704?icid2=products%20grid:p304704
Lancôme L'Absolu Rouge Lipstick,https://www.sephora.com/product/l-absolu-rouge-P244911?icid2=products%20grid:p244911
Marc Jacobs Beauty New Nudes Sheer Gel Lipstick,https://www.sephora.com/product/new-nudes-sheer-lip-gel-P392351?skuId=1880160&icid2=products%20grid:p392351
Gucci Rouge à Lèvres Gothique Metallic Lipstick,https://www.sephora.com/product/gucci-rouge-a-levres-gothique-metallic-lipstick-P454991?icid2=products%20grid:p454991
Natasha Denona I Need A Nude Lipstick,https://www.sephora.com/product/i-need-nude-lipstick-P448848?icid2=products%20grid:p448848
TOM FORD Ultra Shine Lip Color,https://www.sephora.com/product/ultra-shine-lip-color-P429018?icid2=products%20grid:p429018
Jouer Cosmetics Long-Wear Lip Crème Liquid Lipstick,https://www.sephora.com/product/long-wear-lip-creme-liquid-lipstick-P434019?icid2=products%20grid:p434019
HUDA BEAUTY Demi Matte & Cream Lip Set,https://www.sephora.com/product/demi-matte-lip-kit-P442596?skuId=2203545&icid2=products%20grid:p442596
HUDA BEAUTY Lip Strobe Metallic Gloss,https://www.sephora.com/product/lip-strobe-P421781?icid2=products%20grid:p421781
HUDA BEAUTY Power Bullet Metallic Lipstick,https://www.sephora.com/product/power-bullet-metallic-lipstick-P439651?skuId=2156198&icid2=products%20grid:p439651
rms beauty Wild With Desire Mini Lipstick Set,https://www.sephora.com/product/wild-with-desire-mini-lipstick-set-P439025?icid2=products%20grid:p439025
bareMinerals BAREPRO® Longwear Matte Lipstick,https://www.sephora.com/product/barepro-r-longwear-lipstick-P440272?icid2=products%20grid:p440272
Urban Decay Hi-Fi Shine Ultra Cushion Lip Gloss,https://www.sephora.com/product/hi-fi-shine-ultra-cushion-lip-gloss-P429052?icid2=products%20grid:p429052
Shiseido Color Gel Lip Balm,https://www.sephora.com/product/color-gel-lip-balm-P443795?icid2=products%20grid:p443795
CLINIQUE Chubby Stick Intense Moisturizing Lip Colour Balm,https://www.sephora.com/product/chubby-stick-intense-moisturizing-lip-colour-balm-P377218?icid2=products%20grid:p377218
Charlotte Tilbury Hollywood Lips Liquid Lipstick,https://www.sephora.com/product/hollywood-lips-P433865?icid2=products%20grid:p433865
Charlotte Tilbury K.I.S.S.I.N.G Lipstick - Pillow Talk Collection,https://www.sephora.com/product/charlotte-tilbury-k-i-s-s-i-n-g-lipstick-pillow-talk-P454351?icid2=products%20grid:p454351
TOM FORD Lost Cherry Lip Color,https://www.sephora.com/product/lost-cherry-lip-color-P440968?icid2=products%20grid:p440968
Marc Jacobs Beauty Le Marc Liquid Lip Crayon,https://www.sephora.com/product/le-marc-liquid-lip-crayon-P425209?skuId=1972587&icid2=products%20grid:p425209
Givenchy Le Rouge Metallic Lipstick,https://www.sephora.com/product/givenchy-le-rouge-metallic-finish-lipstick-P454976?icid2=products%20grid:p454976
Charlotte Tilbury Hot Lips Lipstick 2 Refills,https://www.sephora.com/product/charlotte-tilbury-hot-lips-lipstick-2-refills-P455206?icid2=products%20grid:p455206
Givenchy Le Rouge Lipstick Couture Edition,https://www.sephora.com/product/givenchy-le-rouge-lipstick-couture-edition-P456355?icid2=products%20grid:p456355
bareMinerals GEN NUDE™ Radiant Lipstick,https://www.sephora.com/product/gen-nude-radiant-lipstick-P410248?skuId=1846583&icid2=products%20grid:p410248
KVD Vegan Beauty Kitten Mini Smoke & Mirrors Grayscale Mini Lip Everlasting Liquid Lip Duo,https://www.sephora.com/product/smoke-mirrors-grayscale-mini-lip-everlasting-liquid-lip-duo-P421290?icid2=products%20grid:p421290
Too Faced Natural Nudes Lipstick,https://www.sephora.com/product/natural-nudes-lipstick-P429601?skuId=2064319&icid2=products%20grid:p429601
Givenchy Rouge Interdit Vinyl Color Enhancing Lipstick - 16 Noir Revelateur,https://www.sephora.com/product/rouge-interdit-vinyl-color-enhancing-lipstick-16-noir-revelateur-name-tbd-P419605?icid2=products%20grid:p419605
NUDESTIX Intense Matte Lip + Cheek Pencil,https://www.sephora.com/product/intense-matte-lip-cheek-pencil-P405290?icid2=products%20grid:p405290
SEPHORA COLLECTION Rouge Lip Tint,https://www.sephora.com/product/rouge-lip-tint-P415405?icid2=products%20grid:p415405
Yves Saint Laurent Rouge Volupté Shine Oil-In-Stick Lipstick Collector's Edition,https://www.sephora.com/product/yves-saint-laurent-rouge-volupte-shine-oil-in-stick-lipstick-collector-s-edition-P454360?icid2=products%20grid:p454360
TOM FORD Lip Color Sheer,https://www.sephora.com/product/lip-color-sheer-P407140?icid2=products%20grid:p407140
Christian Louboutin Sheer Voile Lip Colour,https://www.sephora.com/product/sheer-voile-lip-colour-P400558?icid2=products%20grid:p400558
NARS Velvet Lip Glide,https://www.sephora.com/product/velvet-lip-glide-P412131?skuId=2058493&icid2=products%20grid:p412131
Kaja Cutie Bento Creamy Lip & Cheek Duo,https://www.sephora.com/product/kaja-cutie-bento-creamy-lip-cheek-duo-P459259?icid2=products%20grid:p459259
KVD Vegan Beauty XO Vinyl Lip Cream Lip Gloss,https://www.sephora.com/product/kvd-vegan-beauty-xo-vinyl-lip-cream-liquid-lipstick-P454032?icid2=products%20grid:p454032
Too Faced Peach Kiss Moisture Matte Long Wear Lipstick – Peaches and Cream Collection,https://www.sephora.com/product/peach-kiss-moisture-matte-long-wear-lipstick-peaches-cream-collection-P422600?skuId=2108116&icid2=products%20grid:p422600
Dior Rouge Dior Ultra Care Lipstick,https://www.sephora.com/product/rouge-dior-ultra-care-lipstick-P449370?icid2=products%20grid:p449370
Shiseido Modern Matte Powder Lipstick,https://www.sephora.com/product/modernmatte-powder-lipstick-P435414?icid2=products%20grid:p435414
TOM FORD Most Wanted Mini Clutch Lip Color Lipstick,https://www.sephora.com/product/tom-ford-mini-clutch-lip-color-lipstick-P458272?icid2=products%20grid:p458272
SEPHORA COLLECTION Color Flush Lip And Cheek Stick Set,https://www.sephora.com/product/sephora-collection-color-flush-lip-cheek-stick-set-P457437?icid2=products%20grid:p457437
Melt Cosmetics Lipstick,https://www.sephora.com/product/lipstick-P444551?icid2=products%20grid:p444551
NUDESTIX Magnetic Matte Lip Color,https://www.sephora.com/product/magnetic-matte-lip-color-P416774?icid2=products%20grid:p416774
Pretty Vulgar My Lips Are Sealed Liquid Lipstick,https://www.sephora.com/product/my-lips-are-sealed-liquid-lipstick-P419282?icid2=products%20grid:p419282
Givenchy Rouge Interdit Satin Lipstick,https://www.sephora.com/product/rouge-interdit-satin-lipstick-P181912?icid2=products%20grid:p181912
LAWLESS Satin Luxe Classic Cream Lipstick,https://www.sephora.com/product/lawless-classic-cream-lipstick-P454981?icid2=products%20grid:p454981
Ciaté London Glitter Storm Lipstick,https://www.sephora.com/product/glitter-storm-lipstick-P440513?icid2=products%20grid:p440513
SEPHORA COLLECTION #LIPSTORIES Natural Wonders Lipstick,https://www.sephora.com/product/sephora-collection-lipstories-natural-wonders-lipstick-P457431?icid2=products%20grid:p457431
Perricone MD No Makeup Lipstick Broad Spectrum SPF 15,https://www.sephora.com/product/no-lipstick-lipstick-spf-15-P386606?icid2=products%20grid:p386606
CLINIQUE Pop Matte Lip Colour + Primer,https://www.sephora.com/product/pop-matte-lip-colour-primer-P410815?icid2=products%20grid:p410815
Givenchy Le Rose Perfecto Color Lip Balm,https://www.sephora.com/product/le-rose-perfecto-P440027?icid2=products%20grid:p440027
Anastasia Beverly Hills Liquid Lipstick in Trouble,https://www.sephora.com/product/liquid-lipstick-P423923?icid2=products%20grid:p423923
NUDESTIX Cream Lip + Cheek Pencil,https://www.sephora.com/product/lip-cheek-pencil-P388952?icid2=products%20grid:p388952
SEPHORA COLLECTION Rouge Smooth Shine Lip Crayon,https://www.sephora.com/product/rouge-smooth-shine-lip-crayon-P439037?icid2=products%20grid:p439037
Kilian Le Rouge Parfum Scented Matte Lipstick,https://www.sephora.com/product/le-rouge-parfum-scented-lipstick-P449115?icid2=products%20grid:p449115
Laura Mercier Paint Wash Liquid Lip Colour,https://www.sephora.com/product/paint-wash-liquid-lip-colour-P392431?icid2=products%20grid:p392431
TOM FORD Satin Matte Lip Color,https://www.sephora.com/product/satin-matte-P435852?icid2=products%20grid:p435852
rms beauty Wild With Desire Lipstick,https://www.sephora.com/product/wild-with-desire-lipstick-P426818?icid2=products%20grid:p426818
NARS Full Vinyl Lip Lacquer,https://www.sephora.com/product/orgasm-full-vinyl-lip-lacquer-P10246544?icid2=products%20grid:p10246544
Hourglass Confession™ Ultra Slim High Intensity Lipstick Refill,https://www.sephora.com/product/confession-ultra-slim-high-intensity-lipstick-refill-P420410?skuId=2303287&icid2=products%20grid:p420410
MAKE UP FOR EVER Artist Nude Creme Liquid Lipstick,https://www.sephora.com/product/artist-nude-creme-liquid-lipstick-P445728?icid2=products%20grid:p445728
Smashbox Be Legendary Liquid Lip,https://www.sephora.com/product/be-legendary-liquid-pigment-P416413?icid2=products%20grid:p416413
SEPHORA COLLECTION Cream Lip Stain Liquid Lipstick,https://www.sephora.com/product/cream-lip-stain-liquid-lipstick-P436320?skuId=1805647&icid2=products%20grid:p436320
tarte SEA Color Splash Seaglass Lipstick,https://www.sephora.com/product/sea-color-splash-seaglass-lipstick-P439660?icid2=products%20grid:p439660
surratt beauty Lipslique Lipstick,https://www.sephora.com/product/lipslique-P394178?icid2=products%20grid:p394178
STELLAR Stardust Lip Powder Palette,https://www.sephora.com/product/stardust-lip-powder-palette-P420405?icid2=products%20grid:p420405
FENTY BEAUTY by Rihanna Two Lil Mattemoiselles - Chill Owt Edition,https://www.sephora.com/product/two-lil-mattemoiselles-chill-owt-edition-P39753485?icid2=products%20grid:p39753485
TOM FORD Fucking Fabulous Lip Color,https://www.sephora.com/product/fucking-fabulous-lip-color-P438345?icid2=products%20grid:p438345
tarte SEA Pink Sands Color Splash Lipstick,https://www.sephora.com/product/sea-pink-sands-color-splash-lipstick-P443577?icid2=products%20grid:p443577
Black Up Matte Liquid Lipcolor,https://www.sephora.com/product/matte-liquid-lipcolor-P416363?icid2=products%20grid:p416363
stila Convertible Color,https://www.sephora.com/product/convertible-color-P8426?skuId=353508&icid2=products%20grid:p8426
Hourglass Opaque Rouge Liquid Lipstick,https://www.sephora.com/product/opaque-rouge-liquid-lipstick-P375384?skuId=1439397&icid2=products%20grid:p375384
Guerlain KissKiss Creamy Satin Finish Lipstick,https://www.sephora.com/product/kisskiss-creamy-satin-finish-lipstick-P388222?icid2=products%20grid:p388222
NUDESTIX Love is Louder Lip + Cheek Pencil,https://www.sephora.com/product/love-is-louder-lip-cheek-pencil-P407080?icid2=products%20grid:p407080
Givenchy Le Rouge Night Noir Lipstick,https://www.sephora.com/product/le-rouge-night-noir-lipstick-P448882?icid2=products%20grid:p448882
Too Faced Melted Matte-Tallic Liquified Metallic Matte Lipstick,https://www.sephora.com/product/melted-matte-tallic-liquified-metallic-matte-lipstick-P433210?icid2=products%20grid:p433210
NARS Audacious Lipstick Keepsake Set,https://www.sephora.com/product/audacious-lipstick-keepsake-set-P426840?icid2=products%20grid:p426840
Guerlain KissKiss Matte Lipstick,https://www.sephora.com/product/kisskiss-matte-P421798?icid2=products%20grid:p421798
Urban Decay Vice Lipstick - Born To Run Collection,https://www.sephora.com/product/vice-lipstick-born-to-run-collection-P432631?icid2=products%20grid:p432631
TOM FORD Lip Lacquer Luxe,https://www.sephora.com/product/lip-lacquer-luxe-P440969?icid2=products%20grid:p440969
Hourglass Femme Nude Lip Stylo,https://www.sephora.com/product/femme-nude-lip-stylo-P381207?icid2=products%20grid:p381207
Black Up Lip Lacquer,https://www.sephora.com/product/lip-lacquer-P400894?icid2=products%20grid:p400894
Ciaté London Liquid Velvet™ - Moisturizing Matte Liquid Lipstick,https://www.sephora.com/product/liquid-velvet-tm-moisturizing-matte-liquid-lipstick-P393859?icid2=products%20grid:p393859
lilah b. Divine Duo™ Lip & Cheek,https://www.sephora.com/product/divine-duo-lip-cheek-P421444?icid2=products%20grid:p421444
KEVYN AUCOIN The Expert Lip Color Lipstick,https://www.sephora.com/product/the-expert-lip-color-P407709?icid2=products%20grid:p407709
"Grande Cosmetics GrandeLIPSTICK Plumping Lipstick, Satin Finish",https://www.sephora.com/product/grandelips-satin-plumping-hydrating-lipstick-P446017?skuId=2200053&icid2=products%20grid:p446017
"FENTY BEAUTY by Rihanna Frost Bunny, Frost Hunny, Frost Money Frosted Metal Lipstick 3-pc Set",https://www.sephora.com/product/metallic-eye-lip-crayon-P78731877?icid2=products%20grid:p78731877
Kilian Le Rouge Parfum Scented Satin Lipstick,https://www.sephora.com/product/le-rouge-parfum-scented-lipstick-P451124?icid2=products%20grid:p451124
trèStiQue Prime + Color Lip Glaze,https://www.sephora.com/product/prime-color-lip-glaze-P431762?icid2=products%20grid:p431762
SEPHORA COLLECTION #Lipstories Pride,https://www.sephora.com/product/lipstores-pride-P443310?icid2=products%20grid:p443310
Bobbi Brown Luxe Liquid Lip High Shine,https://www.sephora.com/product/luxe-liquid-lip-P436846?icid2=products%20grid:p436846
INC.redible Listen Hard Girl Neon Lip Paint,https://www.sephora.com/product/neon-lip-paint-P431104?icid2=products%20grid:p431104
Natasha Denona Mark Your Liquid Lips Matte,https://www.sephora.com/product/mark-your-liquid-lips-P433899?icid2=products%20grid:p433899
Hourglass Confession Refillable Lipstick Set - Valentine's Day Limited Edition,https://www.sephora.com/product/hourglass-confession-ultra-slim-high-intensity-refillable-lipstick-duo-valentines-day-limited-edition-P455327?icid2=products%20grid:p455327
Natasha Denona Mark Your Liquid Lips Metallic,https://www.sephora.com/product/mark-your-liquid-lips-metallic-P445455?icid2=products%20grid:p445455
Aether Beauty Radiant Ruby Lip Crème,https://www.sephora.com/product/aether-beauty-radiant-ruby-lip-cr-me-P454769?skuId=2324978&icid2=products%20grid:p454769
Ciaté London Liquid Chrome,https://www.sephora.com/product/liquid-chrome-P422514?icid2=products%20grid:p422514
FENTY BEAUTY by Rihanna Mattemoiselle Trifecta Plush Matte Lipstick Set,https://www.sephora.com/product/fenty-beauty-rihanna-mattemoiselle-trifecta-plush-matte-lipstick-set-P455194?icid2=products%20grid:p455194
CLINIQUE Pop Liquid Matte Lip Colour + Primer,https://www.sephora.com/product/pop-liquid-matte-lip-colour-P411531?skuId=1860261&icid2=products%20grid:p411531
DOMINIQUE COSMETICS Berries & Cream Liquid Lipstick,https://www.sephora.com/product/liquid-lipstick-P439946?icid2=products%20grid:p439946
PAT McGRATH LABS MatteTrance™ Lipstick - Divine Rose Collection,https://www.sephora.com/product/pat-mcgrath-labs-mattetrance-lipstick-divine-rose-collection-P458775?icid2=products%20grid:p458775
FENTY BEAUTY by Rihanna Snow Daze & Snow Nights Frosted Metal Lipstick 3-pc Set,https://www.sephora.com/product/frosted-metal-lipstick-P09784333?icid2=products%20grid:p09784333
Ciaté London Pretty Stix Murumuru Butter Lipstick,https://www.sephora.com/product/pretty-stix-murumuru-butter-lipstick-P409067?skuId=1830314&icid2=products%20grid:p409067
Kiehl's Since 1851 Butterstick Lip Treatment,https://www.sephora.com/product/butterstick-lip-treatment-P422273?icid2=products%20grid:p422273
FENTY BEAUTY by Rihanna Slip Shine Sheer Shiny Lipstick,https://www.sephora.com/product/fenty-beauty-rihanna-slip-shine-sheer-shiny-lipstick-P67339785?icid2=products%20grid:p67339785
